text,label,notes
"Pacers' starting lineup has a net rating of +36 thus far in the playoffs. (M. Turner - P. Siakam - A. Nembhard - T. Haliburton - A. Nesmith) That is second highest net rating for any 5-man lineup in the playoffs thus far (min. 13 minutes played together). Among the 12 5-man lineups to have played together in 2 playoff games thus far, this lineup has the highest net efficiency on the 4th most minutes played together. It sounds flukey on such a small sample size, but this lineup was elite in the regular season too. This Pacers starting 5 had the 2nd highest net rating of any 5-man lineup in the regular season (min 350 minutes played together). And the one qualifying 5-man lineup that they were worse than? M. Turner - P. Siakam - A. Nembhard - T. Haliburton - B. Mathurin And on even more playing time... \_\_\_ It's not just good coaching/game planning. The Pacers are way better than people think. Starting lineup (+ Mathurin) are elite. Roster is full of playoff risers. And Rick can still turn up the dial on the starters' playing time; nobody on the Pacers has averaged 35 minutes thus far.",analysis,
he’s washed but ur on drugs if you don’t think he’d easily be the best player in the ncaa lol,hot_take,
ARE YOU FUCKING KIDDING ME!!!,reaction,
"As far as fouls go, the Celtics (8) are matching their regular season pace (15.9 per game); the Knicks (11) are well over their regular season rate (17.2 per game). I don't think the Knicks are playing *that* much more physical or committing *that* many more obvious fouls than they did in a given regular season game. But the FTA is pretty out of whack, and you can't explain it away by saying there's a difference in 3PA because the Celtics have shot 24 and the Knicks have shot 22. I hope the second half is a straight rock fight.",analysis,
"Jimmy is old and washed and honestly no one cares anymore. Jimmy just needs to fade away this this point; no one cares. He’s washed, can’t carry shit, and is a quitter",hot_take,
"""sEcOnD bEsT nEt RaTiNg Of AlL tImE!!!""",reaction,
"I didn’t not watch it in protest. I didn’t watch it because it’s incredibly dumb Edit for the people from asking why the award show is dumb: Basically the NBA tries to make everything a spectacle. The last game of the regular season was on April 11th. That’s about the same time the voting for the awards took place. Instead of revealing it when they knew the results, they waited until after the playoffs and the draft and had the award show a few days ago. It shoehorned in celebrities and musical acts to push viewership outside of NBA fans to maximize advertising dollars. To make it worse the Coach of the year Award went to a guy who got fired after his team lost in the playoffs. He had to go up and make a speech. I get that it’s a business/financial move because advertisers will pay a ton of money but fans are mad they wait so long to reveal the results solely for the benefit of the NBA. TL;DR: Awards are good. Making them into a spectacle 2.5 months after voting is not.",analysis,
Bro the melo stans are so crazy. He’s such an overrated player. He just got his stats and didn’t contribute to winning in any other way. Just trash imho.,hot_take,
can't believe how they allowed Caruso to maul Jokic there!!,reaction,
"100% agreed. This was what Kerr said on the Lowe Podcast last month *“Even today, I’m almost embarrassed, I see these graphics for ""The Last Dance,"" these promos, and they have Michael, Dennis, Scottie, Phil and me,” Kerr told Lowe. “I understand it. The reason I’m on there is because I’m the one who’s famous because I’m the coach of the Warriors, and so people recognize me, and maybe people wouldn’t recognize Toni Kukoc or Luc Longley or Ron Harper. Or maybe their faces wouldn’t mean as much to a young generation because this was 22 years ago.* *“But that should really be Toni (Kukoc) on that photo, on that promo,” Kerr said. “Because he was an incredible player.”* [",analysis,
He’s overrated when he’s playing like a spazz and underrated when he looks like dpoy,hot_take,
THEYRE CALLING EVERYTHING aRE YOU KIDDING,reaction,
"SGA is the best player in the world. He just outplayed Jokic and beat him in every advanced metric this series (he also did in the regular season). By the way for people complaining, Jokic flopped 26x this series (9x in Game 4 alone), SGA flopped 8x this series. I'm going to say a lot of laughable acronyms...SGA has a higher EPM, RAPTOR, RAPTOR WAR, LEBRON, LEBRON WAR, EWA, DPM, CraftedPM, DRIP, On/off, etc. than Jokic this series. I don't consider Basketball Reference stats as advanced stats because they are outdated but if you want to include them, Shai has a higher PER, BPM, Gmscore, WS, WS/48, Net Rating, VORP, TS% while having a lower USG% and playing 22 less minutes overall this series than Jokic.",analysis,
That tells me all I need to know. Wilt is easily the most overrated offensive player in NBA history. I’m taking a plethora of NBA players over his offensive peak.,hot_take,
FUCKING RIGGED ARE YOU KIDDING ME,reaction,
"We'll probably need to wait another year or two to see if Ant's three ball has actually gone up a level. It takes a couple years for three point percentage to stabilize. That being said, Ant's true shooting percentage jumped from 57.5 to 59.5 this season, making it the first time Ant has had a higher true shooting percentage than Booker (58.9). Career true shooting percentage, Ant is still 56.6 to Booker's 58.1. As for playmaking, my eye test says Ant's passing is pretty much limited to drive and kick and passing to get the ball back on a cut. Statistically, he averages about 4 assists and 3 turnovers per game, while Booker averages 7 assists and 3 turnovers per game. Booker is what I would call average to below average as a point guard, and Ant is significantly worse than him in that role.",analysis,
i take pacers or the knicks over either of these overrated trash teams,hot_take,
"Fucking wow. SPURS, MAVS AND PHILLY???? Are you fucking kidding me",reaction,
"Look at our playoff shooting percentages last year my guy. We shot 50/37/75 last year and 50/40/80 this year. Not that far off. Our team is just super well coached, and when we get to dissect how an opponent works, we learn how to generate open looks. The playoff format actually favors us because our game-to-game adjustments are always incredible. Take for example your zone in game 3. We started running plays to get Pascal/Obi switched onto Garland in the inside of the 3-2, then either got easy paint points or wide open 3s out of it. Our offensive rating against that defense game 4 was 1.9, which is almost equivalent to shooting 100% on twos. It was process based. Here's a breakdown of the scheme adjustments that game. It's Caitlin Cooper, the best basketball analyst on YouTube. She covered every game that series btw:",analysis,
I agree to some degree.. jokic deserves better... but to call the team with the best player on the planet and a decent supporting cast not good is a take and a half.,hot_take,
"ARE YOU KIDDING ME?!?! Mavs trade Luka, everyone calls it the end of an era, and now they end up with Cooper Flagg? The basketball gods have spoken. We just went from losing a generational talent to drafting another one. Flagg is the perfect cornerstone to build around — elite two-way potential, high motor, insane IQ, and the kind of DEFENSIVE versatility Nico has been starving for. Nico Harrison took the heat for the Luka trade, but if this pans out? He just pulled off the most insane GM redemption arc of all time. The Mavs are back, baby. The Flagg Era begins now.",reaction,"HARD: long and reads like an argument, but it's emotional hype celebrating the Flagg pick; the reasoning is decorative -> reaction (a feeling in the moment)."
"No, not quite. There are two types of stats: descriptive stats and predictive stats. A descriptive stat can be completely legitimate and have no predictive value. Now, these two types of stats are not mutually exclusive. Line-up specific net rating stats are somewhere between descriptive & predictive. Whether we want to consider this stat to be more descriptive or predictive is up for debate. And without getting deep into the math, I fear such a debate would boil down to a lot of hot takes rather than substance. I will say that there were 4 teams who reached 40 games before 20 losses over their last 60 regular season games. The Pacers & OKC were 2 of the 4. The starting lineups of the other two teams to accomplish this fate - Boston and Cleveland - also have starting lineups with very high net ratings. (Using the last 60 games instead of the first 60 games because the Pacers were so hurt over their first 25 games that they weren't even really able to play these lineups. Also, supposedly, performance in the last 60 is more predictive of playoff potential than performance in the first 60 but heavy emphasis on the ""supposedly"".)",analysis,
"If he's allowed to play rugby defense against your best player, I can easily see how one can not root for the guy.",hot_take,
This is your MVP?!,reaction,
"I don’t know how to check on Quarters 1-3 combined, but I can tell you that the Knicks are second-to-last among the remaining playoff teams in First Half net rating (-10.1). The Nuggets are slightly worse (-11.2). In the 4th quarter, the Timberwolves have been the best team in the playoffs by a country mile, with a net rating of +36.6. The ~~Clippers~~ (RIP) are second (+20.5), the Knicks are (+16.3), the Cavs (!) are fourth (+11.9), Thunder are fifth (+10.2), and then the Pacers are sixth (+3.8).",analysis,
This was Jokic’s worst series & his stats were better than some of LeBron’s finals MVP stats,hot_take,
"Dude I was heartbroken when I heard it was done after the 2nd(!!!) season I was like “well maybe he’ll will come back from fucking off in the jungle and do another, but nope”",reaction,
"For sure. OKC’s starters only had a net rating of 3, but they were like a +72 in the series as a team. I’d assume the starter’s rating was so even because they would revert to it during crunch time (which is typically pretty even in the playoffs) after mixing up lineups throughout the game.",analysis,
Middleton was old and washed tho. Murray is fine he hooped this series and cs clippers too,hot_take,
Lol nuggets TRASH!!,reaction,
Russell Westbrook is a -14 and that’s the game so far Jamal or Jokic go out and whoever they bring off the bench makes life 10x harder for everyone. It’s always been a depth issue and specifically a floor spacing issue. The Nuggets have been getting killed in the Russ/Watson minutes these playoffs. They have a -15 net rating in those minutes.,analysis,
Washed? lol Reddit… That mother fucker absolutely torched us. He just dropped the ball (no pun intended) in game seven. He is the opposite of washed.,hot_take,
Wtf get McBride out of there are you kidding,reaction,
"Your team has 16 more wins than 2nd in the west. Theres no narrative, yall were far and away the best regular season team, with one of the best net ratings of all time. People were questioning if this was one of the best teams of *all time*. They were/are favorites in the west. Yes the biggest question was playoff experience but so many people brushed that aside and acted like it was crazy to suggest a team with more experience could beat them.",analysis,
Maybe the people who swore Denver was washed were idiots. They have the best player in the nba how stupid can people really be,hot_take,
LMFAO who are you kidding they ain't calling fouls on OKC,reaction,
OKC Thunder are 68 win team being led by the likely league MVP and have the second best team Net rating in nba [history]( Teams in the top ten all time net rating have 90% chance of winning the championship that year. The only team in the top ten all time net rating that did not win a championship were the 2015-2016 Spurs. OKC Thunder will win a championship this year.,analysis,
No one thinks he’s a fraud. He’s a multi time MVP for a reason. People get frustrated when they complain about SGA being a foul baiter while passing over Jokic doing the same thing.,hot_take,
Are you kidding me?????????? Hali is insane,reaction,
"It is, they're the only team left that won 40 games before 20 losses. Only 4 teams haven't and still won a championship since 1980. That and OKC is historically one of the best teams we have ever seen, 2nd best net rating after the 1995-96 Bulls. Denver was the best shot at knocking them out, you guys might have a competitive series but ultimately OKC should win in the end and probably steamroll whoever comes out of the east. Sucks because I am not a fan of SGA or OKC, but that's unfortunately how it's going to be. I'd be much happier if you guys or Indiana won tbh.",analysis,
It’s painfull how little you understand ball. You’re probably one of those wierdos that was saying LeBron was overrated and not clutch when he was in his prime,hot_take,
Wow I can't believe I forgot about that,reaction,
"Their playoff defense in 2021 and (briefly) in 2023 was excellent. Their defensive rating *(and net rating)* since Lue has been head coach: 2021 - 8th def (2nd net) 2022 - 7th (18th) (starting Reggie, Batum, Morris, Zubac, Mann) 2023 - 14th (17th) (Reggie/Wall/Westbrook, Morris/Gordon, Plumlee/Brown...ugly season) 2024 - 16th (7th) 2025 - 3rd (5th)",analysis,
Hali showing he’s the man in the Garden to finally beat the overrated narratives,hot_take,
"I’m just a heartbroken Kings fan, let me hate in peace lmao",reaction,
"OKC were actually 25th in the regular season I believe. 20.4 per game. The thing this is literally never mentioned and missed because of peoples obsession with SGA foul calls is that outside of him, OKC really get very, very few calls.",analysis,
Idk I like Garland but imo he's overrated and I don't think his ceiling is that high Kinda like Fox,hot_take,
Omg I can only imagine how pissed Chris Paul is!,reaction,
"Because it’s objectively untrue. SGA 8.8 FTA per game this season. Jokic 6.45. When you consider variance between 82 games, 2.35 is a rather large shift. Especially when you consider SGA play significantly fewer minutes than Jokic did this year - you know, due to his team blowing out other teams.",analysis,
Not like Shai was a menace on defense. Both played solid team defense. But Shai is overrated on that end and Jokic a bit overhated on that end,hot_take,
Trust me! I cant believe it,reaction,
"There's a lot of nuance in this topic. The turnover portion is mostly because he was playing against a historically good defense when it comes to getting deflections and steals, so that's not all on Jokic. He was making a bunch of passes that would have reached the target if he played against any other team. As far as passing too much, I think tonight it was kind of shocking he only took 9 shots in a game 7. In games 1-6 of the series, he was averaging 22 shot attempts per game. I think overall, he's doing what he can with a limited group of players around him.",analysis,
"You rooting for the wolves or OKC? I think it’ll be a great series. Ant vs Shai will be special. I’m glad there’s not a fat, flopping overrated dude in this series. Gobert is a respectable center IMO.",hot_take,
"Casino owners lose jackpot, I’m heartbroken!",reaction,
"Not as much near the end of the season. But in general, yes. Malone (and now Adelman) both seem to think there are about 8 players who can actually play meaningful NBA minutes for this team: Jokic, Murray, Porter, Gordon, Braun, Westbrook, Watson, and then depending on matchup DAJ or Strawther. That being said, not being able to play fewer than 40 minutes per game has been tough on Murray, Jokic, and Gordon especially. They really need a reliable 9th man to eat up some minutes, and they just don’t have that. I don’t mind them playing heavy minutes in the playoffs, it’s the Nuggets’ best chance to win. But 40 minutes in the regular season? Absolutely not.",analysis,
don't feel sorry for Jokic. He's the most overrated player in the nba,hot_take,
"""can't wait to meet obama"" edit: GOLD?! Thank you stranger!",reaction,
"Sorry, you’re got no clue. I watched them both play. Live. I’m just using stats (and fantasy scoring as an aggregate stat) because you are just randomly dismissing Amare’s rebounding deficiencies as “just 2 rebounds difference” and 3.5x as many assists as “only assists”. Only 1.8 points and only 2.0 rebounds and only 3.0 assists , and only 0.6s are not variance, when WEBBER is the one leading in every category by a significant margin. 2 more rebounds + 3 more assists + 1.8 more points adds up to more the. 8 more points of scoring value. Every rebound is an extra possession. You just casually dismissing defensive rebounding as “that’s just a team rebound”, lol. Like Amare just didn’t want those rebounds or assists. Amare could have gotten 2 more rebounds and 1.8 more points and 3 more assists and 0.6 more steals, but he just didn’t bother. Webbers 1500 more rebounds and 2500 more assists 561 more steals and 1100 more points don’t matter, because that’s practically no difference. Dude, Amare scored all his points off assists by Steve Nash or in transition. He was a very good finisher. His shooting percentages are only high because of that.",analysis,
OKC vs Nuggets was the real WCF. Minny is overrated beating up an injured Golden State and LA Lakers with traffic cones as defence.,hot_take,
RIP Kyrie Neins,reaction,
"I also swear to God that Mikal is so much better with Brunson on the bench and/or when Brunson gets exhausted. Knicks could have some real banger rotations if Thibs weren't such a hardass about always playing his best 5 as much as possible. I am still kind of in shock that Thibs unlocked some OP rotations last year against Indiana due to injury, but then traded away all the players who made them possible.",analysis,
Jokic is the most overrated player of all time or something along those lines is the narrative we’re running now is it?,hot_take,
BRO HOW THE FUCK IS HE THIS GOOD,reaction,
"Stars will always be stars, no matter what era they're playing in, but this era is absolutely fucking insane in terms of how complex and high level everything is Someone did a detailed watch of the '04 Pistons legendary defensive championship, and while they dominated their season and they earned their legacy, they pointed out that their defensive schemes would be basically elementary compared to modern schemes, and they didn't have to face the offenses of today either When people talk about X modern team vs. Y legacy team, what never gets talked about is how brutally the modern teams would scheme out the exploitable weaknesses that every legacy team had (most obvious is the amount of non-shooters that modern teams would mercilessly ignore). If it was a single game thing, I guess it's different (I would assume a modern coach would adjust quickly), but in a seven-game series? Shit would be straight up mean-spirited lol",analysis,
"Jokic overrated, he excels against bad defenses. Against a good defense like OKC he falls apart. Same with in the Olympics against the US",hot_take,
LMAAAOOO I KNEW HE WAS TOO QUIET FOR TOO LONG,reaction,
"Not that Jokic never flops, especially in this series, neither SGA is all about FTs, but this stat says nothing about how the defenses were set. OKC's defensive scheme mostly was clinging on Jokic and defending him with zero space. Denver mostly run a zone to deny SGA the driving lanes and make him less productive. (If he tried to answer that all by regular season flopping like he did on that funny possesion in game 6 all th time, it would be a bad decision for their game flow but he didn't.) Both scheme seemed to work as much as possible tbh. I would agree Jokic flopped more in this series, but also the refs ignored more contact on him too, some of the flops were for showing those, not that I like it any shape or form. All in all, these MVP discussions are really toxic, I got really tired of proof of flopping videos and non-stop discussion of this same issue while that has been a great series at least with 4 really good games.",analysis,
"Jokic is overrated; when he faces a solid defense, he falls apart. SGA can pick apart any defense",hot_take,
#JEREMY LIN IS AN NBA CHAMPION,reaction,
"Both teams played to heavily shutdown the other teams star don't pretend the Nuggets whole defensive scheme wasn't to stop Shai. Why is Jokic immune to any wrong doing and always gets excuses made for him. Jokic had 41 assists and 31 turn overs over the 7 game series. Shai had 46 assists and 14 turn overs. Shai also averaged more points on better efficiency than Jokic. A guard scoring more, being more efficient, and having more assists with less turn overs than one of the greatest passers ever isn't just because he has the better team. Shai played better this series, it's that simple.",analysis,
"this sub is in meltdown mode since this overrated bum lost, u right",hot_take,
**NOW FACE THE BUBBLE SUNS YOU COWARDS**,reaction,
"Nah its the opposite. Parity is because league talent is at the highest it's ever been. 15 years ago you never saw so many reverse pick and roles, agile big men, or even close to the volume and quality of shooters. The strategy of the game has also gotten way more complex and modern offensive schemes are just way more advanced and hard to counter than they ever were. Add the inherent variance of 3 point shooting and any tram can beat or lose to any other team. Back before the spacing era where teams were playing a ton of iso, clogging up the paint, and chucking inefficient long 2s, superstars were just better able to dominate.",analysis,
Difference between Shaq Duncan Hakeem Kareem and Jokic is the others never got locked up by point guards. Jokic has shown himself to be massively overrated,hot_take,
ARE YOU FUCKING KIDDING ME,reaction,
"I've watched the Kings before. I understand they are a limited defensive team outside of Keegan Murray and Keon Ellis. Also Sabonis is 6'10 and 240. He ain't undersized. That's what modern bigs are these days. He around the size of Bam and Anthony Davis who are also centers. Nobody would call them undersized. And defensive rebounding isn't the most important defensive skill set for a big. If that was the case Myles Turner and Brook Lopez would be considered bad but they provide rim protection (the most important trait for a big). Unless you are Jokic (who is actually underrated on defense because he's really strong in the post and has good intelligence to make up for his lack of rim protection), offense only bigs are really hard to scheme around. Even the Rockets had to restructure their defense for Sengun to basically get him out of main pick and roll duty on defense. If everybody is saying something about one player it's probably because it's true. Zagging because you are in your feelings despite being wrong is much worse.",analysis,
SGA is so overrated. Only presence is on the line. Part of why the NBA will never touch football. Truly horrible marketing.,hot_take,
***ARE YOU FUCKING KIDDING ME? A BLOWN DUNK!?!?!?*** Nuggets are a FRAUDULENT team. Thunder win by 30 in Game 7 guaranteed. >:(,reaction,
"Literally every playoffs comes down to which teams are the least significantly injured. You bring up 2023 like Tatum didn't get injured in the opening minutes of game 7 killing all of Bostons momentum. Acting like the Heat solved Boston rather than just having historically good shooting luck is funny. And that 2023 team was built completely differently, any defensive scheme utilised against them would make no sense against the current 5 out Celtics.",analysis,
Thunder's dominance was somewhat overrated but they still are visibly the best team in the NBA. Valiant effort by the Nuggets all series but it looks like its over.,hot_take,
Which I disclaimed. And both teams' startling lineups were atop the NBA in net rating throughout the regular season as well.,reaction,
"here I thought it was because we were 1. the best regular season record in franchise history, 2. the youngest #1 seed back to back years, largest gap between 1 and 2 seed in nba history, 3. had the best net rating in nba history for much of season, 4. got the most double digit wins in a single season, 5. had the best single season turnover rate in nba history, 6. had the best +/- in a single season in NBA history, 7. had a 29-1 record against the east, and 8. swept 21 different opponents this season. with Shai being the mvp of the team that did that.... but yea, wE bEtTer bE cAreFul!",analysis,
Jokic so overrated. The “SGA MVP” tweet from Shams is gonna hit like crack.,hot_take,
Wow I’m surprised ESPN is even allowing anyone to say this lol,reaction,
"Knicks team Net Rating was a negative for the entire series, so this makes sense where they play their starters heavy minutes. They join the 2021 Bucks and Hawks, 2019 Blazers, 2015 Rockets, 2014 Thunder, 2008 Spurs, 2007 Spurs, 2006 Suns, and 2004 Timberwolves to win a 2nd round series with a negative net rating in that round. Of these 9 other teams, only the 2021 Bucks and 2007 Spurs went on to the finals, and both won the championship. TBD with Knicks. The 2007 Spurs, 2014 Thunder and 2025 Knicks won their series in 6 games. Everyone else won that round in 7 games.",analysis,
Murray is the real most overrated player in the league. This dude just completely disappears all the damn time. Just getting cardio out there,hot_take,
Are you kidding,reaction,
In these 4 games: Shai: 24 PER +9 BPM +18 Net Rating +9 WAR/82 Jokic: 15 PER -1 BPM -19 Net Rating +1 WAR/82 I'm expecting stats like EPM and EWA to be in favor of SGA too but it's not accessible. SGA is outplaying him hard this series and that's Shai having a bad series. That's just how dogshit Jokic is in this series.,analysis,
"I can’t stand J Williams man, so overrated. Has one good game and thinks he’s God again",hot_take,
Are you kidding me?,reaction,
"68 wins, talked about as being one of the best regular season teams of *all time*, and the incredible net rating blah blah to not even getting out of the 2nd round? To what is supposed to be an inferior team? Yes, colossal failure is apt. And all this talk about ohhh they have so much time and picks, so young. Yeah, we had this story with this same exact franchise ~10 years ago and we saw how that worked out.",analysis,
The west is overrated every year. Knicks would curb stomp both these teams,hot_take,
Are you kidding me. Man tf up Denver,reaction,
"I'm interested in seeing what happens if they lose.. Theoretically Presti has the assets to go all in for Giannis.. Or he could do a smaller deal for someone like KD. Either way he'll have decisions to make, because you can't win 68 games and have the best net rating ever just to lose in rd2",analysis,
Regardless of whatever happens this game this team isn’t really for real until some moves are made. The supporting cast was overrated all season and I don’t wanna wait til Dub may or may not figure things out,hot_take,
Ant are you fucking kidding me complaining about that call lmao,reaction,
"They are a great team no doubt, but the Wolves are one of few teams that can actually match up with OKC physically. OKC was clearly the better team through the season, yet still split 2-2 with MN. NetRating isn’t everything, Cavs have nearly 4x net rating of the Pacers. How’s that working out for them so far? How teams matchup with each other is a very important factor in playoff series",analysis,
Caruso and Dort gotta be two of the most overrated defenders in the league. They don’t defend they foul and don’t get called.,hot_take,
So the NBA isn't rigged? Also Spurs are you kidding me?,reaction,
"Turner-Siakam-Nembhard-Haliburton-Mathurin had the 2nd best defensive rating in the NBA on the entire season. (Barely behind OKC's starting 5 defensively.) Turner-Siakam-Nembhard-Haliburton-Nesmith had the 5th best defensive rating in the NBA on the entire season. Off the bench, Toppin is a complete liability on defense but makes up with for it with great offense. TJM gets mismatch hunted to hell to the point that he's a net negative player when his shot isn't falling, though. Thomas Bryant is hit and miss. In a hypothetical Boston series, I think the Pacers would play one of their two elite defensive lineups when Porzingis during the \~30 minutes that Porzingis is on the court. Or sub Toppin in and try to run Porzingis off the floor. But I definitely think the Pacers have answers. This is my Pacers paranoia speaking, but I am more afraid of Al Horford. That dude has been killing the Pacers for years. He scares the shit out of me - especially matching up against our bench.",analysis,
Damn the okc starters just aren't good. Jalen Williams and chet are so overrated,hot_take,
"That was a travel, are you kidding me",reaction,
Warriors were 67 win team in 2015 with a all time net rating. Swept first round. Got down 1-2 against a good 55~ grit and grind grizz team ? Went down 1-2 in the finals that year ? Finished 16-5 with a great net rating you know how that story went.,analysis,
"Matchups are overrated, teams will always screen and move to try and attack who they want.",hot_take,
"They should both be out if anything, are you kidding me??",reaction,
"I agree with you 100%. That was a huge complaint of Knicks fans over the season. Thibs didn’t experiment with rotations at all. They’re paying the price now. Hes sticking with this starting line up even though they have a terrible net rating and is just grinding it rather than at least experimenting. I like the pacers too, and if the Knicks meet the pacers in the ECF it’s very clear the pacers with their very organized offense are going to run them out of the gym. I like watching the Knicks but I truly don’t know if I’ll be able to watch as much as I did this year if they keep thibs.",analysis,
"Depends on the crowd. I think the Knicks are the most overrated franchise literally in sports, but their crowd knows hoops so the organ fits.",hot_take,
Ok fuck that shit are you kidding me?,reaction,
"It's not the unethical part, it's that it is just objectively terrible to watch. Pacers play one of the most beautiful offenses in recent memory and last two rounds we had to watch Giannis and Mitchell just fall and flail their way to 20 free throws per game. It kills all the flow and momentum of the game. Free throws just aren't that fun to watch compared to high pace free flowing offense. It's ugly basketball.",analysis,
"I've never liked the Knicks and always considered them overrated, but damn, since they got Brunson, I started changing my opinion. Love the way that dude plays.",hot_take,
Are you kidding me Aaron Gordon,reaction,
"He is not getting 30 million lmao, he's young but I feel Bobby Marks is missing the mark here (I'll walk myself out after this comment). He's increased his scoring by more than 8 points per game because last year he was averaging 7.3 points. Sure, you look at the raw point total and it pops, but then when you analyze his game - teams are essentially daring him to shoot as they double onto Jokic off him, so naturally he has better shooting splits. I do think 5/100 is fair for him, but 5/150 feels like an overreaction to his raw numbers which are the direct result of playing with Joker. If the Nuggets were interested in paying a starting SG that type of money, KCP would still be a Nugget. Show me a front office that'll pay Braun 30 million a year, I'll show you a front office that's probably going to get wiped by the end of that season.",analysis,
It's embarrassing how many people want to make excuses for the best player in the world.,hot_take,
Not all teams are like that at all are you kidding me?,reaction,
With a slightly increased rate of like 5 during playoffs he still only averaged just over 1 per game. A lot of them wide open as well Not saying he couldn’t improve it but he strikes me as someone who only shoots to try to create drive lanes when someone actually closes out,analysis,
"No only stat boys feel this way,pound for pound Giannis is the best player in the world",hot_take,
Excellent catch? are you kidding me,reaction,
"Because if there's less games, there's less money from the tv deals cause losing 12 games per team is a lotta tv games. Ad money also goes down because the adverts in game and on jerseys are seen less, on top of that, you lose roughly 7% of the matchday revenue you'd get from home games. So if the billionaires owning the teams are losing all that money, they're going to want to pay the players less, because the players are earning them a lot less money. That's basically the hurdle here, one of these groups needs to take less money.",analysis,
"He’s not even the best player in the league that’s the funny part,pound for pound it’s honestly Giannis",hot_take,
I can't believe how well Carushow locked him up.,reaction,
Kobe won that series 4-1. He averaged 29.2 PPG on 58.5 TS% while only averaging 2.2 Free Throw Attempts per game against the defending champion Spurs who were the number 3 rated defense in the league that year. That series is so slept on. I can maybe count on less than 1 hand who would’ve been able to do that during that season from any other player that season,analysis,
peak delusion. he wasnt even the best player on his own team for some of the games,hot_take,
I can't believe someone unironically bought a Westbrook Nuggets jersey,reaction,
"Thunder have averaged 21.4 wide open (meaning the closest defender was 6+ feet away) 3s per game over the course of the series according to NBA.com. Nuggets have averaged 20.2. OKC is averaging 12.8 open (closest defender is 4-6 feet away) 3s per game, whereas Denver is averaging 15.6. OKC is averaging 2.6 tight (closest defender is 2-4 feet away) whereas Denver is averaging 4.2. So OKC is averaging 1.2 more wide open 3s, 2.8 fewer open 3s, and 1.6 fewer tight 3s. Believe what you want, but actual stats show Denver is giving more space to shooters than OKC.",analysis,
With teams starting to feel the ramifications of the new cba I cant see a team paying their 4th best player 30m a year when they failed to make the conference finals and were severely lacking in depth.,hot_take,
Can't believe the refs let Westbrook touch it last smh,reaction,
"Pacers vs Knicks is going to be hilarious. Team ""Starters play 48 minutes per game"" vs Team ""All players are running 48 minutes per game"" I know Knicks players are in great shape but we might actually see someone die out there.",analysis,
Jokic wasn’t even the best player on his team at times during the series. Aaron Gordon was the nuggets most consistent player throughout the series.,hot_take,
Can't believe we're gonna get a knick v warrior final,reaction,
"They get lots of shots because Hali and Siakam don’t take 30+ per game. Everybody touches the ball, everybody gets shots, and everybody stays in rhythm. It’s hard for role players to pop in and shoot when they haven’t seen the ball in 15 straight possessions.",analysis,
AG was clutch and had the series of his life. And Jokic is still the best player in the world,hot_take,
Can't believe the refs made Denver play dogshit transition defense.,reaction,
"No they don’t, they choose the players stat like and there is usually one variable that makes it a rarity. In this case it’s the 8assists per game, and combining with the 5 rpg will disqualify several pg. There are 14 nba players that averaged 8apg in their playoff career, so there likely aren’t many more that did so in their first 25 games",analysis,
"It is a team with players who were good enough to win a championship. I swear, the Nuggets fanbase must be the most willing to trash their own team just to prop up their ""hero.""",hot_take,
Can't believe the refs just hoisted Caruso up for that dunk.,reaction,
Watching Walsh i see the same things I saw with Nesmith where his minutes are so infrequent that he tries to do too much. He's not anywhere close to Nesmith on offense but I would be interested in seeing how he can compete defensively if he can get a regular 12-18 minutes per game. He's still younger than Scheierman and I think he can develop into a solid bench defensive piece once he's in a rotation and not trying to prove his worth in 4 minutes every 6th game.,analysis,
He was good in the Clippers series. He was absolute trash against OKC.,hot_take,
I can't believe Denver won't give me a successful hatewatch,reaction,
"I also think it's a generational thing. During MJ's championship dynasty I was 7-13. A lot of people who are into Lebron were probably born 95-05 and him being a serious contender is all they've ever seen (sure a year here and there with one offs like the Bucks, but for the most part it was LeBron). If we're discussing the players in their primes I would put LeBron at 4 probably 5, probably behind MJ Kobe, Russell, and Wilt (I attest that Wilt could have contended seriously in this league and I'll die on that hill, albeit probably won't have 70 pts per game). then again if we're just looking at stats you could say I'm biased because I grew up watching MJ and Kobe play, and on paper Russell and Wilt have more accolades.",analysis,
"He could develop in Florida, it's a long shot but his size gives him a tall ceiling. He'll either be great or trash",hot_take,
Can't believe it's illegal to be tall in the NBA,reaction,
"100% for the starting line-ups. Brunson could clearly be a 25/10 guy if the offense didn't stagnate with him running an ISO for a bunch of possessions when the defense isn't creating transition opportunities, but for now you could probably say him and Hali are about even in terms of total output with Hali maybe even slightly getting the edge. Mikal scores almost double what Nembhard does. Josh Hart averaged 13 and 6 this year which is around the same points as Nesmith but 4 more assists per game. OG doesn't produce as much as Siakim but the difference is only a couple of points and 1 assist. KAT is obviously doing more on offensive than Myles Turner and obviously doing nothing compared to Turner on defense. Indiana's production from the bench is better and more consistent, but the Knicks don't really play much of their bench.",analysis,
"blame everyone else on that team besides AG and Joker. Jamal is so fucking trash for the contract he is on, it’s honestly laughable.",hot_take,
Can't believe they're about to go out like this,reaction,
"wolves heavily underrated for no reason do people not think they've been playing better in the playoffs? People just look at reg season stats and disregard everything else. The eye test (watching the games) shows that it will be more competitive than predicted OKC went 7 games against the crippled denver, who came off a 7 game series previously. Experience matters, and the wolves are a perfect mix of young players who also have a ton of playoff experience. Also, if you look at the grizzlies series, yes it was 4-0 but watching the games, it wasn't as smooth as people would think. Ja was hurt but was winning the game before that.",analysis,
"Your young players are trash and your picks are weak, enjoy annual play-in battles. Scottie Barnes is your only hope.",hot_take,
I’m heartbroken. See y’all next season,reaction,
"He definitely is in great shape, he's one of the most well conditioned players out there, it's obvious. He just never rests and carrying that roster in the regular season is hard as shit, so it shows in the playoffs. The thing is this isn't the best shape he's ever been in. Like 3-4 seasons ago his stamina was higher but he was also younger and had a routine he described as Spartan-like that took a toll on him mentally. So he said he allows himself a cookie or two nowadays. I think it's completely fair not to optimize every ounce of your physical potential if it's gonna mess with you mentally, especially since his stamina really should never be the problem if his coach and gm did their jobs.",analysis,
"Cue the typical ""x superstar only had trash teammates"" narrative that follows every losing superstar in every series.",hot_take,
SVG is absolutely heartbroken,reaction,
"It's not even a question just of quality - it's what do the Bucks look like after the trade. Mobley does not help them do literally anything, because they still can't tank and as good as Mobley is they will still win 25 games and enrich whoever holds their picks while the trade value of Mobley deteriorates because he, out of the other young promising players, is uniquely ill-suited to being an offensive centrepiece and would have zero interest re-signing as his max contract runs out. If what you think is that Mobley is the best they can get back then that's fine. I think that's pretty stupid, but Bill Simmons has that opinion and apparently so do you so I gotta play it. If that's the case, the trade isn't Giannis for Mobley it's Giannis for whatever you can trade Mobley for in picks and players.",analysis,
"Jamal Murray: “I’m a choker, I’m a trash can, and I went ghost when it mattered most.”",hot_take,
I’m heartbroken for JT,reaction,
"Healthiest team in the league probably this year (not counting Robinson's pre-existing injury) despite this complaint all year, and they've been consistently at their best in 4th quarters this playoffs, with 3 huge comebacks. It's a mindset. He wants his players to be ready to play and conditioned to play from buzzer to buzzer. I'd probably give it a bit of a rest now that they're in the playoffs. But there's a reason Josh Hart, despite playing 3300 minutes this year, looks like he has more energy than everyone else late in games. They've made themselves accustomed to this.",analysis,
I can't wait to trash SGA for winning a championship but not getting finals MVP.,hot_take,
Who said it hurts? He is rightfully heartbroken though,reaction,
"If SGA is indeed the rightful MVP he should have this series in the bag, especially with all these obstacles for the Nuggets. But not sure if he has the mamba mentality Jokic will surely have - with Murray out surely Jokic will drop something like 80pt-triple double to force a game 7 or maybe AG will drop another buzzer beater, or maybe playoff Murray will go on a tear. Will the OKC bench or either Jdub or Chet be able to carry the load if Harden 2.0 plays like Harden during playoff clutch moments all over again?",analysis,
If Jokic was so great he’d be that great right. I seen prime LeBron drag multiple trash teams where he was the only player,hot_take,
"Not heartbroken, just disappointed.",reaction,
94 lost to Knicks (covered in great 30 for 30) 95 lost to Magic (after beating Knicks in 7 in previous round covered in same 30 for 30) 98 lost to Bulls (covered in the Last Dance) 99 lost to Knicks (lockout year but Knicks were 8th seed) 2004 lost to Pistons (dominant regular season team but never looked right in the playoffs) 2013 lost to Heat (did shockingly well. Lost a devastating game 1 to buzzer beater but still showed up and took it to 7) 2014 lost to Heat (looked really good to start the year and then Hibbert fell off harder than anyone I’ve ever seen. Limped to the ECF and then got convincingly beat in 6. 2024 lost to Celtics (was literally last year).,analysis,
Sucks for Jokic. He’s been carrying. Trash ass organization ruining this man’s prime smh,hot_take,
Happy for Indiana. Heartbroken for Giannis and the Bucks. Damn,reaction,
"People don’t hate on him as such, but he *definitely* does not get the same “Oh his team sucks tho” pass that Jokic does, which is especially grating given how much praise he gets at the same time for making his teammates better. We took the first seed a couple years ago with Middleton injured most of the year and he was still an afterthought in the MVP race because that was just expected of the Giannis Bucks, meanwhile Jokic can win as a sixth seed because team bad. In my opinion~15 years of basketball fandom I’ve never seen somebody get as many excuses made for them as Jokic, and it’s especially stupid because most of the time he doesn’t even need them. This is like the first series he’s ever played that you could reasonably call subpar by MVP standards.",analysis,
Adelman truly coached a team with Jokic + trash to the semiconference finals. Nothing but respect with Adelman. Nuggets better re sign him,hot_take,
Man - as a blazers fan I’m heartbroken for Dame.,reaction,
"The Knicks are a totally different squad with Mitchell Robinson around. Pair him up with Towns and defenses either give up the 3 to Towns or offensive rebounds to Hart and Mitch. Pick your poison. Unfortunately for the Pistons and Celtics, they had no time to scheme for Mitch. The Knicks kept him out until the end of the season. Worked like a charm, because the Pistons had no answer either. And we have a fresh, healthy Mitch creating havoc on both sides of the court for 24 minutes a game. That’s enormous. He’s one of the best rim-protectors in the game, a devastating offensive rebounder, and a surprisingly nimble defender on the perimeter. Teams must have forgotten since he missed much of the last 2/3 years with various injuries. Well, he’s 100% right now. We never forgot. We know what he does well. Paired with Towns and teams are going to suffer on both ends of the court.",analysis,
Crazy how trash OKC has been this past decade and stood by hoarding 1st round picks,hot_take,
Doris sounded heartbroken when the replay clearly showed LeBron fouling Ant,reaction,
They're different kinds of scary for sure. 2012 LeBron could overwhelm you with sheer athleticism while 2018 LeBron knew exactly how to move the ball to breakdown whatever defensive scheme you were throwing at him and if it got ugly he could still just take it to the rim himself because he was still athletic as hell.,analysis,
Bitch and cope harder I didn’t know Denver plays foul free defense (maybe that’s why their defense is so trash),hot_take,
"Oh no, I'm heartbroken",reaction,
"lol you can generate all the wide open 3s you want. The fact of the matter is you had Hali draining contested logo 3s. Bryant shooting fadeaway baselines and Turner shooting step back wing 3s and yall shot 60% on em those are bad shots. You shot 39% on the season on wide open 3s. 45% that series against the cavs(with a 9/30 overall night in the loss. Prolly >50% on wide open 3s in the 4 wins. There’s luck involved there. You don’t just jump 11%+ cuz your process lmao and “adjustments”. Meanwhile Cavs dropped from 40% on the season on wide open 3s to 25%. Again luck involved(and injuries). It wasn’t your defensive scheme cuz if your scheme was to give up 14 wide open 3s to the best wide open 3 shooting team, that’s a pretty bad scheme. If you guys only jump 5% on wide open 3s and we drop 5% on wide open 3s, wed be currently watching the beginning of the second half of game 6 with the Cavs up 3-2.",analysis,
Jokic is a BUM just like the rest of his team is a circlejerk full of dickriders for this trash ass team,hot_take,
Does it hurt more to get heartbroken (Houston) or get rejected (Portland),reaction,
"I feel like the clippers do this every year: there is a 2-3 weeks stretch where they look INCREDIBLE— dozen game winning streak, advanced metrics off the charts, net ratings near the top of the league and suddenly it’s like— watch out! Here comes the dark horse. And then the playoffs roll around and it’s the same story every. Damn. Time. I’m sorry, clippers fans.",analysis,
Braun is a stud. Gordon is solid. The rest of the team is trash and wouldn't know defense if it slapped them in the face.,hot_take,
keeping expectations low so I don't get heartbroken when they inevitably lose,reaction,
"I AM VINDICATED. You know why? Back in the aftermath of the 2018 WCF, I complained about Mike D'Antoni's ATROCIOUS lack of adjustments on shooting the 3 ball in game 7. They stuck to their same offensive schemes on a crucial game 7, didn't run any set plays and LOST because of it. Back then everyone was like ""oh hurr durr CP3 was injured hurr durr they were just very unlucky from 3"". Well lo and behold mofos! Now everyone is saying that Mazzula is atrocious for just having the Celtics do nothing but shoot threes. 🤷🤷🤷🤷🤷🤷🤷",analysis,
"No, the difference will be putting in that trash bag Westbrook. Dude is so fkn bad and just makes stupid plays that ruin any momentum the nuggets have. It's genuinely a miracle that he is still in the league",hot_take,
"I stand corrected lol, I’d be heartbroken",reaction,
Also our starting 5 is statistically not good and all season long lineups with Deuce (and now robinson) have better net ratings I dont think its a coincidence that we suddenly looked a hell of a lot better and ripped off like a 9-0 run right when hart picked up his 5th foul and sat for mcbride,analysis,
"All good, trash organization steals team from Seattle, wont win a ring anyway with Shai Floppiest Alexander, unethical ball, ""physical"" foul hacking bs",hot_take,
My Sloviania son was heartbroken: 😢,reaction,
"A win would be amazing for his legacy, I struggle to see how losing would hurt it at all though. Even getting to game 7 against a 68 win team with the MVP and one of the top net ratings in NBA history is pretty amazing, and the Nuggets have already far outperformed expectations. SGA is the one with far more on the line - biggest game of his career to date, Thunder had a historic regular season. Can he rise to the occasion and put away a team that by all measures should be worse than them?",analysis,
"It's both things to be honest. Murray, MPJ, and the bench are trash and also the whistle has been inconsistent.",hot_take,
He's fucking heartbroken. Fuck Nico Harrison and those shitty owners so much.,reaction,
[If you wanna know how rare averaging 40+ per game in a playoff series is](,analysis,
The team around him is trash. He also has to play too many minutes.,hot_take,
I’m still heartbroken MFFL…. just hit a little different now,reaction,
"Pacers are at 80 points, and Cavs are on 39 points (41 deficit). There's 24 minutes of the game left, so that's 60 \* 24 second possessions left. If we give Pacers half and Cavs half, that means 30 possessions left each. The NBA average is about 112 points per 100 possessions, which would be 33.6 points for 30 possessions. So \*\*IF\*\* both teams used the full 24 seconds of each possession, and if Pacers scored zero while Cavs scored 33.6 points - Cavs would still lose by 7.4 points. Obviously this doesn't factor in a lot of things, quick possessions, turnovers, foul game, Donovan Mitchell going off, etc.",analysis,
Not a single season in Embiid’s career have I thought he was better than or even comparable to Jokic. I also think if you’re still legitimately upset that Embiid won MVP you’re weird.,hot_take,
"Despite my flair I love tatum, I wish he was on the knicks so bad Just heartbroken for the guy",reaction,
"Jokic had 28/14/6 on 59% TS and 4.4 turnovers per game BTW Shai throughout the whole series had 30/6/7 on 63% TS and 2 turnovers per game. Not even close, especially when factoring in defense",analysis,
I dunno but Ant bringing the wolves their first title and assuming he bags the finals mvp as well to me is more instrumental in becoming the goat of a franchise than winning a regular szn mvp,hot_take,
“Only I can make 3s at the buzzer!”,reaction,
Gordon was injured 1 game and Murray was sick for 1 game which was his one of his best of the series. MPJ was the only that was clearly affected the entire series. Jokic played with these guys all year and was 2nd in the league in assists. Dropping from 10.2 assist per game -> 5.9 this series shows OKC defence was suffocating.,analysis,
"Assuming SGA won MVP, I think a title puts him on top. Unless he bolts in the middle of his prime, but I don’t find that likely",hot_take,
I love his buzzer beating heaves sm,reaction,
"I’d just add to it that a large part of his game is cutting and finishing at the rim. I know he has this image of just standing around and shooting but this season that was absolutely not the case. This season he took over 4 shots per game at the rim at 72% shooting. 75% of those shots were assisted, thanks to some nice off ball cutting. 25% of them self created, most probably in transition. But he was getting to the rim very well this season. That shoulder injury is hurting him bad. He isn’t confident enough to go the rim and finish. That 4.2 number has dropped to 2.3. Anytime he’s going for a rebound you can see that he can’t really raise his injured arm. I’ve never really been a fan of the guy but we have to give him props for playing through this.",analysis,
"These Jokic fans don't seem to understand that the MVP award simply hasn't always gone to the ""best player in the league"", it's never been that way.",hot_take,
wtf is with nuggets and airballs ? are you fucking kidding me lmao,reaction,
He had more points per game in the series than Shai before game 7. I agree it is below his high standards. I think it helps next year if he gets a supporting cast but I don't know how that happens.,analysis,
Nico Harrison gonna trade Flagg for a soon-to-be washed superstar and Mavs fans gonna still talk about Jokic like Luka is on their team fighting for another MVP title,hot_take,
Are you kidding me? This guy is a sophomore. Ice in his veins. Wow.,reaction,
"Eh, that's a bit tough to say. Kuminga's per 36 isn't drastically better today than it was his rookie season, and his 3PT% has just been up and down his entire career. I like him, but gotta see a jump in his game to really show that he's more than just a rotation guy.",analysis,
Clearly a semi washed Westbrook isn’t the same offensive engine he previously was but the Nuggets coach doesn’t realize that,hot_take,
ARE YOU FUCKING KIDDING ME. HOW IS THAT NOW A FOUL FUCK SCOTT FOSTER SO FUCKING HARD,reaction,
"Basketball has been defined by its superstars much more than the NFL has been. Lebron James went to 8 straight finals, MJ could've gone to 8 in a row if he hadn't retired, Steph Curry went to 5 straight NBA Finals, Bill Russell went to 10 straight Finals and went to 12 in 13 years. Meanwhile the Patriots topped out at 3 in a row, which they did once. The QB of an NFL team is only out there for less than half the game, they only throw the ball on about a third of all plays at maximum there's 21 other players out there that determine how that play goes, and they don't play defense. An NBA star like Lebron James can effect every play, offensive and defensive, for the 40 out of 48 minutes he plays per playoff game. One player is way more crucial in basketball than football.",analysis,
"Are you kidding me? Murray has been elite this series, Gordon has been insanely clutch, and Strawther just won them this game. Joker had exactly one game where his supporting cast let him down",hot_take,"HARD: opens emotionally ('Are you kidding me?') so heuristic said reaction, but the substance is unsupported evaluative claims defending players -> hot_take."
"Damn it, I can’t believe we’re on to the final series in TNT history, coming up.. should be a fun east and west finals",reaction,"HARD: heuristic said hot_take, but 'I can't believe we're on to the final...' is excitement with no claim -> reaction."
"That's not even true. Did you count the Memphis series where Shai was a -22? This series Shai has a +25 on/off. Jokic has a negative on off. Nuggets are -63 the entire series. Why in you comment it said they are only -49? LMAO. Fake stats. ""Garbage time"" yet Jokic played 22 more minutes than Shai this series. You are embarrassing yourself dude. Shai had a +102 on/off in Game 2. That alone is not giving you -6.8. How about I'd just say Shai has a 150 PER and 300 BPM? That's what you sound like",analysis,
"There were no correct decisions to be made. That team was built to compete until the Giannis/Middleton/Jrue/Lopez core aged out. Middleton and Lopez are washed now and Jrue can’t be the second option star on a contending team, we took a swing on Dame and it didn’t work out but there were no better options. Coaching is a bit of a different story but between the injuries and general mediocrity of the team a better coach wasn’t getting us past like the second round at best. Giannis was injured last year, Dame got injured in the first round both years and *definitely* wasn’t coming back if we’d advanced this year, how far was any coach taking a team like that?",analysis,"HARD: heuristic guessed hot_take (cue: 'washed'), but it's a structured roster-construction argument citing injuries/contracts -> analysis."
